industry,CTR_ratio,CR_ratio,AOV_ratio,CPC_ratio,CPO_ratio,ROI_ratio
Robotics,1.6373839844593137,21.988990825688074,1.212218721295911,2.6190546612820658,0.20846966074226692,10.715389083085205
Transportation,1.324190894130554,179.2857142857143,0.9999416351051584,2.3292984554998455,0.09711448600854222,121.65678165557124
